feature,bin,points
worst_delinquency_6m,"(-inf, 1.0]",82
worst_delinquency_6m,"(1.0, 2.0]",64
worst_delinquency_6m,"(2.0, inf]",57
months_late_latest,"(-inf, 1.0]",81
months_late_latest,"(1.0, inf]",40
n_months_late_6m,"(-inf, 1.0]",79
n_months_late_6m,"(1.0, 2.0]",68
n_months_late_6m,"(2.0, inf]",61
limit,"(-inf, 50000.0]",72
limit,"(50000.0, 80000.0]",74
limit,"(80000.0, 140000.0]",74
limit,"(140000.0, 200000.0]",76
limit,"(200000.0, 300000.0]",76
limit,"(300000.0, inf]",77
avg_utilisation_6m,"(-inf, 0.0113]",73
avg_utilisation_6m,"(0.0113, 0.0673]",80
avg_utilisation_6m,"(0.0673, 0.276]",80
avg_utilisation_6m,"(0.276, 0.564]",76
avg_utilisation_6m,"(0.564, 0.803]",73
avg_utilisation_6m,"(0.803, inf]",68
payment_ratio_6m,"(-inf, 0.037]",72
payment_ratio_6m,"(0.037, 0.0477]",74
payment_ratio_6m,"(0.0477, 0.0876]",73
payment_ratio_6m,"(0.0876, 0.335]",76
payment_ratio_6m,"(0.335, 0.89]",77
payment_ratio_6m,"(0.89, inf]",77
last_payment,"(-inf, 1407.0]",66
last_payment,"(1407.0, 2101.5]",75
last_payment,"(2101.5, 3899.333]",76
last_payment,"(3899.333, 7129.0]",82
last_payment,"(7129.0, inf]",88
